sample	chr	mean_mCpG
a1	chr1	0.6465093767389651
a2	chr1	0.7586940189035085
a2	chr2	0.6427709010132537
a3	chr2	0.6790455776435891
b1	chr1	0.6519471972970354
b2	chr1	0.7585805507445996
b2	chr2	0.6912842411490215
b3	chr2	0.6988650926482248
