sample	chr	mean_mCpG
NA	chr1	0.5087929684993304
NA	chr2	0.5356962676230906
NA	chr3	0.4971940322099237
