sample	chr	mean_mCpG
sampleA	chr1	0.48157367732137824
sampleA	chr2	0.5106562736353418
sampleA	chr3	0.525846861567541
sampleB	chr1	0.5029809065209038
sampleB	chr2	0.5071427841206362
sampleB	chr3	0.5136536747041387
sampleC	chr1	0.5182468296676758
sampleC	chr2	0.5597803497955811
sampleC	chr3	0.47157899379607315
sampleD	chr1	0.527815086693896
sampleD	chr2	0.5504467703254109
sampleD	chr3	0.49961611376340637
