sample	chr	mean_mCpG
1	chr1	0.48157367732137824
1	chr2	0.5106562736353418
1	chr3	0.525846861567541
2	chr1	0.5029809065209038
2	chr2	0.5071427841206362
2	chr3	0.5136536747041387
3	chr1	0.5182468296676758
3	chr2	0.5597803497955811
3	chr3	0.47157899379607315
4	chr1	0.527815086693896
4	chr2	0.5504467703254109
4	chr3	0.49961611376340637
