shift,cross_correlation
-50,0.224138
-25,0.255571
0,0.299308
25,0.361521
50,0.45122
75,0.579002
100,0.747191
125,0.919929
150,1
175,0.919929
200,0.747191
225,0.579002
250,0.45122
275,0.361521
300,0.299308
325,0.255571
350,0.224138
375,0.201008
400,0.183599
425,0.170222
450,0.159751
475,0.151417
