sample	chr	mean_mCpG
NA	chr1	0.48157367732137824
NA	chr2	0.5106562736353418
NA	chr3	0.525846861567541
