"sample"	"n_CpGs"	"mean_mCpG"	"mean_coverage"	"median_coverage"
"sampleA"	292	0.483960806221219	33.7876712328767	34
"sampleB"	297	0.523490382982466	33.9191919191919	34
"sampleC"	289	0.514829356519803	33.0173010380623	34
