sample	n_CpGs	mean_mCpG	mean_coverage	median_coverage
sampleA	292	0.4839608062212191	33.78767123287671	34
sampleB	297	0.5234903829824658	33.91919191919192	34
sampleC	289	0.5148293565198032	33.017301038062286	34
