chr	metric	mean_mCpG
chr1	coverage1	0.5037313330246758
chr1	coverage2	0.5284371725987798
chr1	coverage3	0.5160418206977655
chr2	coverage1	0.4978720687192166
chr2	coverage2	0.5356654057195441
chr2	coverage3	0.5058105485056765
