sample	chr	mean_mCpG
a1	chr1	0.48304116822119375
a1	chr2	0.48252357349966096
a2	chr1	0.531113535106754
a2	chr2	0.5148286886299147
a3	chr1	0.509934112267542
a3	chr2	0.5207482257383897
b1	chr1	0.5244214978281576
b1	chr2	0.5132205639387722
b2	chr1	0.5257608100908056
b2	chr2	0.5565021228091737
b3	chr1	0.522149529127989
b3	chr2	0.49087287127296336
