chr	mean_mCpG
chr1	0.48157367732137824
chr2	0.5106562736353418
chr3	0.525846861567541
